{"cameraMode":{"drawMode":0,"name":"Shaded","section":"Shading Mode"},"sceneLighting":true,"audioPlay":false,"sceneViewState":{"m_AlwaysRefresh":false,"showFog":true,"showSkybox":true,"showFlares":true,"showImageEffects":true,"showParticleSystems":true,"showVisualEffectGraphs":true,"m_FxEnabled":true},"in2DMode":false,"pivot":{"x":0.3621165156364441,"y":0.19930732250213624,"z":-0.20353978872299195},"rotation":{"x":0.14529545605182649,"y":-0.0008791077416390181,"z":0.00012871576473116875,"w":0.989406406879425},"size":0.0012671026634052396,"orthographic":false}